state,population,age,age_x_population,ave_age,population_eligible,ave_age_eligible,population_eligible_white,ave_age_eligible_white,urban_population,pct_urban,pct_rural,state,hc_key,state_abbv,votes_dem2004,votes_rep2004,votes_total2004,pct_dem2004,pct_rep2004,pct_dem_rep_gap2004,pct_dem_rep_gap_abs2004,r_wins2004,winner2004,votes_dem2008,votes_rep2008,votes_total2008,pct_dem2008,pct_rep2008,pct_dem_rep_gap2008,pct_dem_rep_gap_abs2008,r_wins2008,winner2008,votes_dem2012,votes_rep2012,votes_3rd2012,votes_total2012,pct_dem2012,pct_rep2012,pct_dem_rep_gap2012,pct_dem_rep_gap_abs2012,r_wins2012,winner2012,votes_total2016,votes_dem2016,votes_rep2016,votes_lib2016,pct_dem2016,pct_rep2016,pct_dem_rep_gap2016,pct_dem_rep_gap_abs2016,r_wins2016,winner2016,r_wins_last4,white_population,pct_white,white_population_eligible,pct_white_eligible,hispanic_population,pct_hispanic,hispanic_population_eligible,pct_hispanic_eligible,native_american_population,pct_native_american,native_american_population_eligible,pct_native_american_eligible,black_population,pct_black,black_population_eligible,pct_black_eligible,pacific_islander_population,pct_pacific_islander,pacific_islander_population_eligible,pct_pacific_islander_eligible,asian_population,pct_asian,asian_population_eligible,pct_asian_eligible,two_or_more_races_population,pct_two_or_more_races,two_or_more_races_population_eligible,pct_two_or_more_races_eligible,other_population,pct_other,other_population_eligible,pct_other_eligible,ec_votes,ec_votes_per_voter,ec_representation_pct_ave,senate_representation_pct_ave
Alabama,4779667,80800,180438308,37.8,3647208,46.8,2530736,48.5,1049629.0,22.0,78.0,Alabama,us-al,AL,693933.0,1176394.0,1883449.0,36.8,62.5,-25.7,25.7,True,republican,813479.0,1266546.0,2099819.0,38.7,60.3,-21.6,21.6,True,republican,795696.0,1255925.0,"22,717",2074338.0,38.4,60.5,-22.1,22.1,True,republican,2123372.0,729547.0,1318255.0,44467.0,34.4,62.1,-27.7,27.7,True,republican,4,3204377,67.0,2530736,69.4,185599,3.9,118333,3.2,25907,0.5,19550,0.5,1244399,26.0,902240,24.7,1976,0.0,1414,0.0,52937,1.1,40229,1.1,60443,1.3,32868,0.9,4029,0.1,1838,0.1,9,2.46764100101e-06,109.0,130.0
Alaska,710229,80800,24429034,34.4,522851,43.7,356986,45.1,298695.0,42.1,57.9,Alaska,us-ak,AK,111025.0,190889.0,312598.0,35.5,61.1,-25.6,25.6,True,republican,123594.0,193841.0,326197.0,37.9,59.4,-21.5,21.5,True,republican,122640.0,164676.0,"13,179",300495.0,40.8,54.8,-14.0,14.0,True,republican,318608.0,116454.0,163387.0,18725.0,36.6,51.3,-14.7,14.7,True,republican,4,455319,64.1,356986,68.3,39249,5.5,24437,4.7,102555,14.4,69382,13.3,21949,3.1,16129,3.1,7219,1.0,4496,0.9,37459,5.3,27883,5.3,45368,6.4,22820,4.4,1111,0.2,718,0.1,3,5.73777232902e-06,253.0,908.0
Arizona,6391957,80800,235178939,36.8,4762943,46.5,3017860,50.1,4499542.0,70.4,29.6,Arizona,us-az,AZ,893524.0,1104294.0,2012585.0,44.4,54.9,-10.5,10.5,True,republican,1034707.0,1230111.0,2293475.0,45.1,53.6,-8.5,8.5,True,republican,1025232.0,1233654.0,"40,368",2299254.0,44.6,53.7,-9.1,9.1,True,republican,2573165.0,1161167.0,1252401.0,106327.0,45.1,48.7,-3.6,3.6,True,republican,4,3695612,57.8,3017860,63.4,1895139,29.6,1191193,25.0,257419,4.0,175200,3.7,239101,3.7,172249,3.6,10958,0.2,8199,0.2,170505,2.7,132313,2.8,114629,1.8,60370,1.3,8594,0.1,5559,0.1,11,2.30949646049e-06,102.0,100.0
Arkansas,2915868,80800,109832948,37.7,2204393,47.1,1708876,48.7,589879.0,20.2,79.8,Arkansas,us-ar,AR,469953.0,572898.0,1054945.0,44.5,54.3,-9.8,9.8,True,republican,422310.0,638017.0,1086617.0,38.9,58.7,-19.8,19.8,True,republican,394409.0,647744.0,"27,315",1069468.0,36.9,60.6,-23.7,23.7,True,republican,1130635.0,380494.0,684872.0,29829.0,33.7,60.6,-26.9,26.9,True,republican,4,2173438,74.5,1708876,77.5,186047,6.4,111091,5.0,20183,0.7,14876,0.7,447087,15.3,313872,14.2,5509,0.2,3171,0.1,35646,1.2,26789,1.2,45837,1.6,24686,1.1,2121,0.1,1032,0.0,6,2.72183771224e-06,120.0,215.0
California,37253435,80800,1340819051,36.0,27958395,45.1,12409585,49.4,24822460.0,66.6,33.4,California,us-ca,CA,6745485.0,5509826.0,12421852.0,54.3,44.4,9.9,9.9,False,democrat,8274473.0,5011781.0,13561900.0,61.0,37.0,24.0,24.0,False,democrat,7854285.0,4839958.0,"344,304",13038547.0,60.2,37.1,23.1,23.1,False,democrat,14181595.0,8753788.0,4483810.0,478500.0,61.7,31.6,30.1,30.1,False,democrat,0,14955980,40.1,12409585,44.4,14013618,37.6,9257398,33.1,162247,0.4,125017,0.4,2163754,5.8,1640229,5.9,128574,0.3,96396,0.3,4774993,12.8,3809005,13.6,968684,2.6,561743,2.0,85585,0.2,59022,0.2,55,1.96720877575e-06,87.0,17.0
Colorado,5029148,80800,182640766,36.3,3803539,45.3,2810476,47.0,2935669.0,58.4,41.6,Colorado,us-co,CO,1001732.0,1101255.0,2130330.0,47.0,51.7,-4.7,4.7,True,republican,1288633.0,1073629.0,2401462.0,53.7,44.7,9.0,9.0,False,democrat,1323102.0,1185243.0,"61,177",2569522.0,51.5,46.1,5.4,5.4,False,democrat,2780220.0,1338870.0,1202484.0,144121.0,48.2,43.3,4.9,4.9,False,democrat,1,3520756,70.0,2810476,73.9,1038681,20.7,664456,17.5,31244,0.6,23946,0.6,188775,3.8,138808,3.6,5661,0.1,4104,0.1,135563,2.7,103338,2.7,100846,2.0,53561,1.4,7622,0.2,4850,0.1,9,2.36621735705e-06,104.0,125.0
Connecticut,3574025,80800,138824445,38.8,2757010,47.7,2046482,50.1,885581.0,24.8,75.2,Connecticut,us-ct,CT,857488.0,693826.0,1578769.0,54.3,43.9,10.4,10.4,False,democrat,997772.0,629428.0,1646797.0,60.6,38.2,22.4,22.4,False,democrat,905083.0,634892.0,"18,985",1558960.0,58.1,40.7,17.4,17.4,False,democrat,1644920.0,897572.0,673215.0,48676.0,54.6,40.9,13.7,13.7,False,democrat,0,2546196,71.2,2046482,74.2,479085,13.4,318945,11.6,6885,0.2,5044,0.2,335116,9.4,246013,8.9,958,0.0,729,0.0,134090,3.8,100485,3.6,59505,1.7,30800,1.1,12190,0.3,8512,0.3,7,2.53898244838e-06,112.0,172.0
Delaware,897928,80800,34378150,38.3,692163,47.1,477633,49.5,71957.0,8.0,92.0,Delaware,us-de,DE,200152.0,171660.0,375190.0,53.3,45.8,7.5,7.5,False,democrat,255459.0,152374.0,412412.0,61.9,36.9,25.0,25.0,False,democrat,242584.0,165484.0,"5,853",413921.0,58.6,40.0,18.6,18.6,False,democrat,441590.0,235603.0,185127.0,14757.0,53.4,41.9,11.5,11.5,False,democrat,0,586749,65.3,477633,69.0,73220,8.2,46135,6.7,2824,0.3,2248,0.3,186780,20.8,134982,19.5,238,0.0,177,0.0,28308,3.2,21667,3.1,18284,2.0,8492,1.2,1525,0.2,829,0.1,3,4.33423918932e-06,191.0,686.0
District of Columbia,601707,80800,22161345,36.8,500892,42.6,191932,39.5,672228.0,100.0,0.0,District of Columbia,us-dc,DC,202970.0,21256.0,227586.0,89.2,9.3,79.9,79.9,False,democrat,245800.0,17367.0,265853.0,92.5,6.5,86.0,86.0,False,democrat,267070.0,21381.0,"5,313",293764.0,90.9,7.3,83.6,83.6,False,democrat,311268.0,282830.0,12723.0,4906.0,90.9,4.1,86.8,86.8,False,democrat,0,209463,34.8,191932,38.3,54747,9.1,42706,8.5,1322,0.2,1143,0.2,301040,50.0,235236,47.0,216,0.0,195,0.0,20818,3.5,19221,3.8,12650,2.1,9440,1.9,1451,0.2,1019,0.2,3,5.98931506193e-06,264.0,0.0
Florida,18800986,80800,753954731,40.1,14798895,48.6,9058230,52.0,6724148.0,35.8,64.2,Florida,us-fl,FL,3583544.0,3964522.0,7609810.0,47.1,52.1,-5.0,5.0,True,republican,4282074.0,4045624.0,8390744.0,51.0,48.2,2.8,2.8,False,democrat,4237756.0,4163447.0,"72,976",8474179.0,50.0,49.1,0.9,0.9,False,democrat,9420039.0,4504975.0,4617886.0,207043.0,47.8,49.0,-1.2,1.2,True,republican,2,10884515,57.9,9058230,61.2,4223741,22.5,3119117,21.1,47265,0.3,37078,0.3,2851057,15.2,2033860,13.7,9725,0.1,7536,0.1,445213,2.4,349318,2.4,291008,1.5,163054,1.1,48462,0.3,30702,0.2,29,1.95960576786e-06,86.0,32.0
Georgia,9687540,80800,344669141,35.6,7195988,44.9,4242464,47.6,1711032.0,17.7,82.3,Georgia,us-ga,GA,1366149.0,1914254.0,3301875.0,41.4,58.0,-16.6,16.6,True,republican,1844123.0,2048759.0,3924486.0,47.0,52.2,-5.2,5.2,True,republican,1773827.0,2078688.0,"47,535",3900050.0,45.5,53.3,-7.8,7.8,True,republican,4092373.0,1877963.0,2089104.0,125306.0,45.9,51.0,-5.1,5.1,True,republican,4,5413870,55.9,4242464,59.0,853681,8.8,538994,7.5,21279,0.2,16324,0.2,2910745,30.0,2072891,28.8,5152,0.1,3699,0.1,311692,3.2,234164,3.3,151980,1.6,77345,1.1,19141,0.2,10107,0.1,16,2.2234611842e-06,98.0,66.0
Hawaii,1360279,80800,52426526,38.5,1056461,47.2,269525,47.7,352766.0,25.9,74.1,Hawaii,us-hi,HI,231708.0,194191.0,429013.0,54.0,45.3,8.7,8.7,False,democrat,325871.0,120566.0,453568.0,71.8,26.6,45.2,45.2,False,democrat,306658.0,121015.0,"7,024",434697.0,70.5,27.8,42.7,42.7,False,democrat,428937.0,266891.0,128847.0,15954.0,62.2,30.0,32.2,32.2,False,democrat,0,309338,22.7,269525,25.5,120842,8.9,75574,7.2,2823,0.2,2323,0.2,19904,1.5,15662,1.5,128222,9.4,90694,8.6,513277,37.7,434556,41.1,263985,19.4,166764,15.8,1888,0.1,1363,0.1,4,3.78622589949e-06,167.0,449.0
Idaho,1567568,80800,56084385,35.8,1138496,46.1,986516,47.3,398883.0,25.4,74.6,Idaho,us-id,ID,181098.0,409235.0,598447.0,30.3,68.4,-38.1,38.1,True,republican,236440.0,403012.0,655122.0,36.1,61.5,-25.4,25.4,True,republican,212787.0,420911.0,"18,576",652274.0,32.6,64.5,-31.9,31.9,True,republican,690255.0,189765.0,409055.0,28331.0,27.5,59.3,-31.8,31.8,True,republican,4,1316230,84.0,986516,86.7,175901,11.2,102786,9.0,17555,1.1,12583,1.1,8875,0.6,5658,0.5,2153,0.1,1515,0.1,18529,1.2,14214,1.2,26786,1.7,14298,1.3,1539,0.1,926,0.1,4,3.51340716173e-06,155.0,417.0
Illinois,12830433,80800,474517031,37.0,9701254,46.1,6510409,48.4,4562312.0,35.6,64.4,Illinois,us-il,IL,2891550.0,2345946.0,5274322.0,54.8,44.5,10.3,10.3,False,democrat,3419348.0,2031179.0,5522371.0,61.9,36.8,25.1,25.1,False,democrat,3019512.0,2135216.0,"87,286",5242014.0,57.6,40.7,16.9,16.9,False,democrat,5536424.0,3090729.0,2146015.0,209596.0,55.8,38.8,17.0,17.0,False,democrat,0,8167627,63.7,6510409,67.1,2027567,15.8,1304386,13.4,18849,0.1,14446,0.1,1832873,14.3,1317160,13.6,2977,0.0,2402,0.0,580579,4.5,451401,4.7,183953,1.4,91919,0.9,16008,0.1,9131,0.1,20,2.06158915126e-06,91.0,49.0
Indiana,6483721,80800,240514562,37.1,4875423,46.5,4097259,47.6,1882753.0,29.0,71.0,Indiana,us-in,IN,969011.0,1479438.0,2468002.0,39.3,59.9,-20.6,20.6,True,republican,1374039.0,1345648.0,2751054.0,49.9,48.9,1.0,1.0,False,democrat,1152887.0,1420543.0,"51,104",2624534.0,43.9,54.1,-10.2,10.2,True,republican,2734958.0,1033126.0,1557286.0,133993.0,37.8,56.9,-19.1,19.1,True,republican,3,5286380,81.5,4097259,84.0,389705,6.0,235367,4.8,14165,0.2,10948,0.2,582134,9.0,406999,8.3,1853,0.0,1404,0.0,101444,1.6,76502,1.6,99365,1.5,43679,0.9,8675,0.1,3265,0.1,11,2.25621448641e-06,100.0,97.0
Iowa,3046302,80800,116455656,38.2,2318309,47.6,2107924,48.5,733811.0,24.1,75.9,Iowa,us-ia,IA,741898.0,751957.0,1506908.0,49.2,49.9,-0.7,0.7,True,republican,828940.0,682379.0,1537123.0,53.9,44.4,9.5,9.5,False,democrat,822544.0,730617.0,"29,019",1582180.0,52.0,46.2,5.8,5.8,False,democrat,1566031.0,653669.0,800983.0,59186.0,41.7,51.1,-9.4,9.4,True,republican,2,2701072,88.7,2107924,90.9,151542,5.0,88335,3.8,8581,0.3,6038,0.3,86906,2.9,57064,2.5,1797,0.1,1181,0.1,52597,1.7,39569,1.7,41675,1.4,17141,0.7,2132,0.1,1057,0.0,6,2.58809330421e-06,114.0,205.0
Kansas,2853080,80800,105103279,36.8,2126141,46.5,1732143,48.1,1148274.0,40.2,59.8,Kansas,us-ks,KS,434993.0,736456.0,1187756.0,36.6,62.0,-25.4,25.4,True,republican,514765.0,699655.0,1235872.0,41.7,56.6,-14.9,14.9,True,republican,440726.0,692634.0,"26,611",1159971.0,38.0,59.7,-21.7,21.7,True,republican,1184402.0,427005.0,671018.0,55406.0,36.1,56.7,-20.6,20.6,True,republican,4,2230503,78.2,1732143,81.5,300042,10.5,177942,8.4,23073,0.8,16996,0.8,162698,5.7,116148,5.5,1978,0.1,1389,0.1,66967,2.3,49907,2.3,64891,2.3,30009,1.4,2928,0.1,1607,0.1,6,2.82201415616e-06,125.0,223.0
Kentucky,4339325,80800,163725967,37.7,3315954,46.7,2917487,47.5,929877.0,21.4,78.6,Kentucky,us-ky,KY,712733.0,1069439.0,1795882.0,39.7,59.5,-19.8,19.8,True,republican,751985.0,1048462.0,1826620.0,41.2,57.4,-16.2,16.2,True,republican,679370.0,1087190.0,"30,652",1797212.0,37.8,60.5,-22.7,22.7,True,republican,1924149.0,628854.0,1202971.0,53752.0,32.7,62.5,-29.8,29.8,True,republican,4,3745623,86.3,2917487,88.0,132835,3.1,82886,2.5,8642,0.2,6972,0.2,333068,7.7,241108,7.3,2073,0.0,1430,0.0,48338,1.1,35428,1.1,64113,1.5,28883,0.9,4633,0.1,1760,0.1,8,2.41257870284e-06,106.0,143.0
Louisiana,4533324,80800,165909286,36.6,3415309,45.8,2147646,47.6,1300595.0,28.7,71.3,Louisiana,us-la,LA,820299.0,1102169.0,1943106.0,42.2,56.7,-14.5,14.5,True,republican,782989.0,1148275.0,1960761.0,39.9,58.6,-18.7,18.7,True,republican,809141.0,1152262.0,"32,662",1994065.0,40.6,57.8,-17.2,17.2,True,republican,2029032.0,780154.0,1178638.0,37978.0,38.4,58.1,-19.7,19.7,True,republican,4,2734869,60.3,2147646,62.9,192559,4.2,138090,4.0,28092,0.6,19952,0.6,1442394,31.8,1019556,29.9,1544,0.0,1152,0.0,69326,1.5,53637,1.6,57764,1.3,30753,0.9,6776,0.1,4523,0.1,8,2.34239420211e-06,103.0,139.0
Maine,1328341,80800,53988131,40.6,1053808,48.9,1007006,49.3,66872.0,5.0,95.0,Maine,us-me,ME,396842.0,330201.0,740752.0,53.6,44.6,9.0,9.0,False,democrat,421923.0,295273.0,731163.0,57.7,40.4,17.3,17.3,False,democrat,401306.0,292276.0,"19,598",713180.0,56.3,41.0,15.3,15.3,False,democrat,747927.0,357735.0,335593.0,38105.0,47.8,44.9,2.9,2.9,False,democrat,0,1254280,94.4,1007006,95.6,16934,1.3,10524,1.0,8210,0.6,6079,0.6,15154,1.1,9034,0.9,313,0.0,234,0.0,13442,1.0,9784,0.9,18994,1.4,10544,1.0,1014,0.1,603,0.1,4,3.79575786101e-06,167.0,451.0
Maryland,5773481,80800,216149071,37.4,4420517,46.2,2529464,48.8,1312129.0,22.7,77.3,Maryland,us-md,MD,1334493.0,1024703.0,2386678.0,55.9,42.9,13.0,13.0,False,democrat,1629467.0,959862.0,2631596.0,61.9,36.5,25.4,25.4,False,democrat,1677844.0,971869.0,"57,614",2707327.0,62.0,35.9,26.1,26.1,False,democrat,2781446.0,1677928.0,943169.0,79605.0,60.3,33.9,26.4,26.4,False,democrat,0,3157916,54.7,2529464,57.2,470629,8.2,322305,7.3,13815,0.2,10722,0.2,1674206,29.0,1239773,28.0,2412,0.0,1937,0.0,316693,5.5,245536,5.6,125838,2.2,63852,1.4,11972,0.2,6928,0.2,10,2.26217883564e-06,100.0,107.0
Massachusetts,6547532,80800,252559806,38.6,5128609,46.8,4029373,48.6,2015457.0,30.8,69.2,Massachusetts,us-ma,MA,1803800.0,1071109.0,2912388.0,61.9,36.8,25.1,25.1,False,democrat,1904097.0,1108854.0,3080985.0,61.8,36.0,25.8,25.8,False,democrat,1921290.0,1188314.0,"58,163",3167767.0,60.7,37.5,23.2,23.2,False,democrat,3325046.0,1995196.0,1090893.0,138018.0,60.0,32.8,27.2,27.2,False,democrat,0,4984715,76.1,4029373,78.6,627651,9.6,416772,8.1,10778,0.2,8219,0.2,391690,6.0,288520,5.6,1467,0.0,1189,0.0,347490,5.3,269084,5.2,122194,1.9,69581,1.4,61547,0.9,45871,0.9,11,2.14483108383e-06,95.0,93.0
Michigan,9883479,80800,377166824,38.2,7539411,47.3,5960578,48.5,2203460.0,22.3,77.7,Michigan,us-mi,MI,2479183.0,2313746.0,4839252.0,51.2,47.8,3.4,3.4,False,democrat,2872579.0,2048639.0,5001766.0,57.4,41.0,16.4,16.4,False,democrat,2564569.0,2115256.0,"51,136",4730961.0,54.2,44.7,9.5,9.5,False,democrat,4799284.0,2268839.0,2279543.0,172136.0,47.3,47.5,-0.2,0.2,True,republican,1,7569819,76.6,5960578,79.1,436353,4.4,264506,3.5,54665,0.6,40071,0.5,1383725,14.0,998278,13.2,2170,0.0,1693,0.0,236487,2.4,175248,2.3,190395,1.9,93716,1.2,9865,0.1,5321,0.1,16,2.12218169297e-06,94.0,63.0
Minnesota,5303841,80800,198225448,37.4,4019778,46.6,3462564,48.0,1422403.0,26.8,73.2,Minnesota,us-mn,MN,1445014.0,1346695.0,2828387.0,51.1,47.6,3.5,3.5,False,democrat,1573354.0,1275409.0,2910369.0,54.1,43.8,10.3,10.3,False,democrat,1546167.0,1320225.0,"70,169",2936561.0,52.7,45.0,7.7,7.7,False,democrat,2944813.0,1367716.0,1322951.0,112972.0,46.4,44.9,1.5,1.5,False,democrat,0,4405062,83.1,3462564,86.1,250257,4.7,148835,3.7,55421,1.0,38010,0.9,269139,5.1,174686,4.3,1860,0.0,1351,0.0,212995,4.0,146013,3.6,103160,1.9,45057,1.1,5947,0.1,3262,0.1,10,2.48769956948e-06,110.0,118.0
Mississippi,2967232,80800,108589205,36.6,2211677,46.2,1348229,48.4,242683.0,8.2,91.8,Mississippi,us-ms,MS,458094.0,684981.0,1152145.0,39.8,59.5,-19.7,19.7,True,republican,554662.0,724597.0,1289865.0,43.0,56.2,-13.2,13.2,True,republican,562949.0,710746.0,"11,889",1285584.0,43.8,55.3,-11.5,11.5,True,republican,1209357.0,485131.0,700714.0,14435.0,40.1,57.9,-17.8,17.8,True,republican,4,1722270,58.0,1348229,61.0,81478,2.7,54974,2.5,13845,0.5,9440,0.4,1093467,36.9,764205,34.6,948,0.0,732,0.0,25477,0.9,19439,0.9,27919,0.9,13725,0.6,1828,0.1,933,0.0,6,2.71287353443e-06,120.0,215.0
Missouri,5988857,80800,226669824,37.8,4563421,47.0,3789244,48.0,1519194.0,25.4,74.6,Missouri,us-mo,MO,1259171.0,1455713.0,2731364.0,46.1,53.3,-7.2,7.2,True,republican,1441911.0,1445814.0,2925205.0,49.3,49.4,-0.1,0.1,True,republican,1223796.0,1482440.0,"51,087",2757323.0,44.4,53.8,-9.4,9.4,True,republican,2808605.0,1071068.0,1594511.0,97359.0,38.1,56.8,-18.7,18.7,True,republican,4,4850700,81.0,3789244,83.0,212470,3.5,131812,2.9,24061,0.4,18396,0.4,687130,11.5,489592,10.7,5762,0.1,3917,0.1,97220,1.6,74339,1.6,106142,1.8,53389,1.2,5372,0.1,2732,0.1,10,2.19133847173e-06,97.0,104.0
Montana,989402,80800,38619488,39.0,765839,47.9,689176,48.7,181294.0,18.3,81.7,Montana,us-mt,MT,173710.0,266063.0,450445.0,38.6,59.1,-20.5,20.5,True,republican,231667.0,242763.0,490302.0,47.2,49.5,-2.3,2.3,True,republican,201839.0,267928.0,"14,281",484048.0,41.7,55.4,-13.7,13.7,True,republican,494526.0,177709.0,279240.0,28037.0,35.9,56.5,-20.6,20.6,True,republican,4,868616,87.8,689176,90.0,28565,2.9,17420,2.3,59901,6.1,38948,5.1,3743,0.4,2617,0.3,609,0.1,464,0.1,6138,0.6,4838,0.6,21290,2.2,12009,1.6,540,0.1,367,0.0,3,3.91727242932e-06,173.0,620.0
Nebraska,1826300,80800,67681475,37.1,1367079,46.7,1166920,48.1,721233.0,39.5,60.5,Nebraska,us-ne,NE,254328.0,512814.0,778186.0,32.7,65.9,-33.2,33.2,True,republican,333319.0,452979.0,801281.0,41.6,56.5,-14.9,14.9,True,republican,302081.0,475064.0,"17,234",794379.0,38.0,59.8,-21.8,21.8,True,republican,844227.0,284494.0,495961.0,38946.0,33.7,58.7,-25.0,25.0,True,republican,4,1499717,82.1,1166920,85.4,167403,9.2,98219,7.2,14797,0.8,9637,0.7,80958,4.4,54980,4.0,966,0.1,686,0.1,31917,1.7,23415,1.7,28426,1.6,12176,0.9,2116,0.1,1046,0.1,5,3.65743311103e-06,161.0,347.0
Nevada,2700525,80800,98619477,36.5,2035517,45.7,1199284,49.0,2240744.0,83.0,17.0,Nevada,us-nv,NV,397190.0,418690.0,829587.0,47.9,50.5,-2.6,2.6,True,republican,533736.0,412827.0,967848.0,55.1,42.7,12.4,12.4,False,democrat,531373.0,463567.0,"19,978",1014918.0,52.4,45.7,6.7,6.7,False,democrat,1125385.0,539260.0,512058.0,37384.0,47.9,45.5,2.4,2.4,False,democrat,1,1462067,54.1,1199284,58.9,716492,26.5,454525,22.3,23535,0.9,17856,0.9,208056,7.7,152508,7.5,15456,0.6,11283,0.6,191047,7.1,154572,7.6,79132,2.9,42430,2.1,4740,0.2,3059,0.2,6,2.94765408493e-06,130.0,233.0
New Hampshire,1316455,80800,51628013,39.2,1029221,47.6,962920,48.2,198198.0,15.1,84.9,New Hampshire,us-nh,NH,340511.0,331237.0,677738.0,50.2,48.9,1.3,1.3,False,democrat,384826.0,316534.0,710970.0,54.1,44.5,9.6,9.6,False,democrat,369561.0,329918.0,"11,493",710972.0,52.0,46.4,5.6,5.6,False,democrat,744296.0,348526.0,345790.0,30777.0,46.8,46.5,0.3,0.3,False,democrat,0,1215039,92.3,962920,93.6,36702,2.8,22932,2.2,2693,0.2,2124,0.2,13624,1.0,9435,0.9,329,0.0,264,0.0,28240,2.1,20821,2.0,18025,1.4,9488,0.9,1803,0.1,1237,0.1,4,3.88643449755e-06,171.0,461.0
New Jersey,8791768,80800,335531361,38.2,6726554,47.2,4149478,50.2,1428908.0,16.3,83.7,New Jersey,us-nj,NJ,1911430.0,1670003.0,3611691.0,52.9,46.2,6.7,6.7,False,democrat,2215422.0,1613207.0,3868237.0,57.3,41.7,15.6,15.6,False,democrat,2125101.0,1477568.0,"37,623",3640292.0,58.4,40.6,17.8,17.8,False,democrat,3874046.0,2148278.0,1601933.0,72477.0,55.5,41.4,14.1,14.1,False,democrat,0,5214790,59.3,4149478,61.7,1555134,17.7,1094133,16.3,12226,0.1,8783,0.1,1125381,12.8,832736,12.4,1963,0.0,1563,0.0,719824,8.2,546291,8.1,134840,1.5,74752,1.1,27610,0.3,18818,0.3,14,2.08130344304e-06,92.0,71.0
New Mexico,2059155,80800,76307939,37.1,1540483,46.7,697839,51.0,839042.0,40.7,59.3,New Mexico,us-nm,NM,370942.0,376930.0,756304.0,49.0,49.8,-0.8,0.8,True,republican,472422.0,346832.0,830158.0,56.9,41.8,15.1,15.1,False,democrat,415335.0,335788.0,"32,635",783758.0,53.0,42.8,10.2,10.2,False,democrat,798318.0,385234.0,319666.0,74541.0,48.3,40.0,8.3,8.3,False,democrat,1,833801,40.5,697839,45.3,953392,46.3,651315,42.3,175364,8.5,121958,7.9,35462,1.7,27453,1.8,1246,0.1,987,0.1,26305,1.3,20956,1.4,29835,1.4,17342,1.1,3750,0.2,2633,0.2,5,3.24573526615e-06,143.0,308.0
New York,19377688,80800,736845331,38.0,15052759,46.4,9098028,48.9,9815626.0,50.7,49.3,New York,us-ny,NY,4314280.0,2962567.0,7391036.0,58.4,40.1,18.3,18.3,False,democrat,4645332.0,2418323.0,7640931.0,60.8,31.6,29.2,29.2,False,democrat,4485741.0,2490431.0,"104,987",7081159.0,63.3,35.2,28.1,28.1,False,democrat,7706777.0,4547218.0,2814346.0,176289.0,59.0,36.5,22.5,22.5,False,democrat,0,11303979,58.3,9098028,60.4,3416880,17.6,2444358,16.2,53905,0.3,39139,0.3,2783784,14.4,2095373,13.9,5317,0.0,4199,0.0,1406173,7.3,1120040,7.4,326030,1.7,194942,1.3,81620,0.4,56680,0.4,29,1.9265571182e-06,85.0,32.0
North Carolina,9535373,80800,355368841,37.3,7253738,46.3,4964267,48.4,3060199.0,32.1,67.9,North Carolina,us-nc,NC,1525849.0,1961166.0,3501007.0,43.6,56.0,-12.4,12.4,True,republican,2142651.0,2128474.0,4310789.0,49.7,49.4,0.3,0.3,False,democrat,2178391.0,2270395.0,"56,586",4505372.0,48.4,50.4,-2.0,2.0,True,republican,4741564.0,2189316.0,2362631.0,130126.0,46.2,49.8,-3.6,3.6,True,republican,3,6223937,65.3,4964267,68.4,800115,8.4,492325,6.8,108828,1.1,79294,1.1,2019809,21.2,1480724,20.4,5259,0.1,3791,0.1,206579,2.2,152537,2.1,155758,1.6,73633,1.0,15088,0.2,7167,0.1,15,2.06789933687e-06,91.0,65.0
North Dakota,672577,80800,25618881,38.1,522706,46.6,475672,47.5,189490.0,28.2,71.8,North Dakota,us-nd,ND,111052.0,196651.0,312833.0,35.5,62.9,-27.4,27.4,True,republican,141278.0,168601.0,316621.0,44.6,53.3,-8.7,8.7,True,republican,124827.0,188163.0,"9,637",322627.0,38.7,58.3,-19.6,19.6,True,republican,344360.0,93758.0,216794.0,21434.0,27.2,63.0,-35.8,35.8,True,republican,4,597993,88.9,475672,91.0,13467,2.0,8064,1.5,35562,5.3,22786,4.4,7720,1.1,5157,1.0,290,0.0,219,0.0,6839,1.0,5563,1.1,10365,1.5,5048,1.0,341,0.1,197,0.0,3,5.73936400194e-06,253.0,908.0
Ohio,11536380,80800,441216841,38.2,8805629,47.4,7330319,48.3,2433689.0,21.1,78.9,Ohio,us-oh,OH,2741167.0,2859768.0,5627908.0,48.7,50.8,-2.1,2.1,True,republican,2940044.0,2677820.0,5708350.0,51.5,46.9,4.6,4.6,False,democrat,2827709.0,2661437.0,"91,701",5580847.0,50.7,47.7,3.0,3.0,False,democrat,5496487.0,2394164.0,2841005.0,174498.0,43.6,51.7,-8.1,8.1,True,republican,2,9359157,81.1,7330319,83.2,354670,3.1,218920,2.5,20905,0.2,16697,0.2,1389103,12.0,993004,11.3,3400,0.0,2389,0.0,190764,1.7,145507,1.7,203223,1.8,92106,1.0,15158,0.1,6687,0.1,18,2.04414698825e-06,90.0,54.0
Oklahoma,3751312,80800,138820437,37.0,2821646,46.4,2055476,48.5,1448995.0,38.6,61.4,Oklahoma,us-ok,OK,503966.0,959792.0,1463758.0,34.4,65.6,-31.2,31.2,True,republican,502496.0,960165.0,1462661.0,34.4,65.6,-31.2,31.2,True,republican,443547.0,891325.0,0,1334872.0,33.2,66.8,-33.6,33.6,True,republican,1452992.0,420375.0,949136.0,83481.0,28.9,65.3,-36.4,36.4,True,republican,4,2575353,68.7,2055476,72.8,332007,8.9,199457,7.1,308731,8.2,207881,7.4,272062,7.3,195537,6.9,3977,0.1,2701,0.1,64154,1.7,48930,1.7,192074,5.1,109872,3.9,2954,0.1,1792,0.1,7,2.48082147796e-06,109.0,168.0
Oregon,3831033,80800,147055233,38.4,2964580,47.1,2432804,48.8,1436509.0,37.5,62.5,Oregon,us-or,OR,943163.0,866831.0,1836782.0,51.3,47.2,4.1,4.1,False,democrat,1037291.0,738475.0,1827864.0,56.7,40.4,16.3,16.3,False,democrat,970488.0,754175.0,"64,607",1789270.0,54.2,42.1,12.1,12.1,False,democrat,2001336.0,1002106.0,782403.0,94231.0,50.1,39.1,11.0,11.0,False,democrat,0,3005817,78.5,2432804,82.1,450059,11.7,269745,9.1,42705,1.1,31861,1.1,64982,1.7,46944,1.6,12696,0.3,8812,0.3,139435,3.6,108222,3.7,109837,2.9,62407,2.1,5502,0.1,3785,0.1,7,2.3612113689e-06,104.0,160.0
Pennsylvania,12702220,80800,499792453,39.3,9910065,48.0,8111164,49.3,2330856.0,18.3,81.7,Pennsylvania,us-pa,PA,2938095.0,2793847.0,5769590.0,50.9,48.4,2.5,2.5,False,democrat,3276363.0,2655885.0,6013272.0,54.5,44.2,10.3,10.3,False,democrat,2990274.0,2680434.0,"82,962",5753670.0,52.0,46.6,5.4,5.4,False,democrat,6115402.0,2926441.0,2970733.0,146715.0,47.9,48.6,-0.7,0.7,True,republican,1,10094540,79.5,8111164,81.8,719652,5.7,459413,4.6,16909,0.1,13163,0.1,1327055,10.4,963830,9.7,2715,0.0,2109,0.0,346286,2.7,264674,2.7,178594,1.4,86329,0.9,16469,0.1,9383,0.1,20,2.01815023413e-06,89.0,48.0
Puerto Rico,3725687,80800,140262620,37.6,2822392,46.8,22298,46.9,990226.0,26.6,73.4,Puerto Rico,us-pr,PR,,,,,,,,,,,,,,,,,,,,,,,,,,,,,,,,,,,,,,,,26945,0.7,22298,0.8,3688354,99.0,2791681,98.9,329,0.0,266,0.0,4663,0.1,3805,0.1,77,0.0,63,0.0,2930,0.1,2470,0.1,1363,0.0,1051,0.0,1026,0.0,758,0.0,0,0.0,0.0,0.0
Rhode Island,1052551,80800,40948918,38.9,828595,47.0,660809,49.0,413562.0,39.3,60.7,Rhode Island,us-ri,RI,259760.0,169046.0,437134.0,59.4,38.7,20.7,20.7,False,democrat,296571.0,165391.0,471766.0,62.9,35.1,27.8,27.8,False,democrat,279677.0,157204.0,"9,168",446049.0,62.7,35.2,27.5,27.5,False,democrat,464144.0,252525.0,180543.0,14746.0,54.4,38.9,15.5,15.5,False,democrat,0,803671,76.4,660809,79.8,130655,12.4,84715,10.2,4020,0.4,2933,0.4,51559,4.9,37224,4.5,305,0.0,240,0.0,29988,2.8,23257,2.8,23478,2.2,13016,1.6,8875,0.8,6401,0.8,4,4.8274488743e-06,213.0,573.0
South Carolina,4625290,80800,174482376,37.7,3544816,46.6,2365733,48.5,533657.0,11.5,88.5,South Carolina,us-sc,SC,661699.0,937974.0,1617730.0,40.9,58.0,-17.1,17.1,True,republican,862449.0,1034896.0,1920969.0,44.9,53.9,-9.0,9.0,True,republican,865941.0,1071645.0,"26,532",1964118.0,44.1,54.6,-10.5,10.5,True,republican,2103027.0,855373.0,1155389.0,49204.0,40.7,54.9,-14.2,14.2,True,republican,4,2962706,64.1,2365733,66.7,235680,5.1,154174,4.3,16614,0.4,12613,0.4,1279960,27.7,932854,26.3,2113,0.0,1562,0.0,58307,1.3,44696,1.3,64196,1.4,30359,0.9,5714,0.1,2825,0.1,9,2.53891880425e-06,112.0,134.0
South Dakota,814159,80800,30594588,37.6,611362,47.3,537048,48.5,245098.0,30.1,69.9,South Dakota,us-sd,SD,149244.0,232584.0,388215.0,38.4,59.9,-21.5,21.5,True,republican,170924.0,203054.0,381975.0,44.7,53.2,-8.5,8.5,True,republican,145039.0,210610.0,"8,166",363815.0,39.9,57.9,-18.0,18.0,True,republican,370093.0,117458.0,227721.0,20850.0,31.7,61.5,-29.8,29.8,True,republican,4,689481,84.7,537048,87.8,22119,2.7,12917,2.1,69476,8.5,42323,6.9,9959,1.2,6377,1.0,313,0.0,237,0.0,7553,0.9,5522,0.9,14800,1.8,6696,1.1,458,0.1,242,0.0,3,4.90707633121e-06,217.0,777.0
Tennessee,6346028,80800,239496625,37.7,4850027,46.7,3787524,48.2,2152560.0,33.9,66.1,Tennessee,us-tn,TN,1036477.0,1384375.0,2437319.0,42.5,56.8,-14.3,14.3,True,republican,1087437.0,1479178.0,2599749.0,41.8,56.9,-15.1,15.1,True,republican,960709.0,1462330.0,"35,538",2458577.0,39.1,59.5,-20.4,20.4,True,republican,2508027.0,870695.0,1522925.0,70397.0,34.7,60.7,-26.0,26.0,True,republican,4,4800729,75.6,3787524,78.1,290058,4.6,182005,3.8,16301,0.3,13004,0.3,1049371,16.5,750633,15.5,2766,0.0,2016,0.0,90310,1.4,67287,1.4,90071,1.4,44546,0.9,6422,0.1,3012,0.1,11,2.26802861097e-06,100.0,98.0
Texas,25145327,80800,871786857,34.7,18279503,44.5,9074572,48.1,14299983.0,56.9,43.1,Texas,us-tx,TX,2832704.0,4526917.0,7410765.0,38.2,61.1,-22.9,22.9,True,republican,3528633.0,4479328.0,8077795.0,43.7,55.5,-11.8,11.8,True,republican,3308124.0,4569843.0,"115,884",7993851.0,41.4,57.2,-15.8,15.8,True,republican,8969226.0,3877868.0,4685047.0,283492.0,43.2,52.2,-9.0,9.0,True,republican,4,11397233,45.3,9074572,49.6,9460874,37.6,6143097,33.6,80581,0.3,61851,0.3,2886766,11.5,2076223,11.4,17920,0.1,12912,0.1,948419,3.8,716961,3.9,319554,1.3,172682,0.9,33980,0.1,21205,0.1,38,2.07883113671e-06,92.0,26.0
Utah,2763875,80800,87917102,31.8,1892848,42.7,1563559,43.8,1050591.0,38.0,62.0,Utah,us-ut,UT,241199.0,663742.0,927844.0,26.0,71.5,-45.5,45.5,True,republican,327670.0,596030.0,952370.0,34.4,62.6,-28.2,28.2,True,republican,251813.0,740600.0,"25,027",1017440.0,24.7,72.8,-48.1,48.1,True,republican,1131430.0,310676.0,515231.0,39608.0,27.5,45.5,-18.0,18.0,True,republican,4,2221710,80.4,1563559,82.6,358340,13.0,214494,11.3,27080,1.0,18437,1.0,25951,0.9,16407,0.9,23909,0.9,14719,0.8,54176,2.0,41758,2.2,48985,1.8,21188,1.1,3724,0.1,2286,0.1,6,3.16982663162e-06,140.0,251.0
Vermont,625736,80800,24908567,39.8,496503,47.8,472554,48.2,0.0,0.0,100.0,Vermont,us-vt,VT,184067.0,121180.0,312309.0,58.9,38.8,20.1,20.1,False,democrat,219262.0,98974.0,325046.0,67.5,30.4,37.1,37.1,False,democrat,199239.0,92698.0,"7,353",299290.0,66.6,31.0,35.6,35.6,False,democrat,315067.0,178573.0,95369.0,10078.0,56.7,30.3,26.4,26.4,False,democrat,0,590218,94.3,472554,95.2,9208,1.5,6328,1.3,2023,0.3,1619,0.3,5943,0.9,3840,0.8,140,0.0,117,0.0,7875,1.3,5876,1.2,9792,1.6,5822,1.2,537,0.1,347,0.1,3,6.04225956339e-06,267.0,956.0
Virginia,8000919,80800,298060115,37.3,6147242,45.9,4133318,47.8,2363622.0,29.5,70.5,Virginia,us-va,VA,1454742.0,1716959.0,3198367.0,45.5,53.7,-8.2,8.2,True,republican,1959532.0,1725005.0,3723260.0,52.6,46.3,6.3,6.3,False,democrat,1971820.0,1822522.0,"60,147",3854489.0,51.2,47.3,3.9,3.9,False,democrat,3982752.0,1981473.0,1769443.0,118274.0,49.8,44.4,5.4,5.4,False,democrat,1,5186383,64.8,4133318,67.2,631824,7.9,426856,6.9,20679,0.3,16173,0.3,1523670,19.0,1134981,18.5,5061,0.1,3958,0.1,436296,5.5,334138,5.4,181668,2.3,89985,1.5,15338,0.2,7833,0.1,13,2.11476951778e-06,93.0,77.0
Washington,6724461,80800,250838816,37.3,5143107,46.1,3916245,48.1,2500107.0,37.2,62.8,Washington,us-wa,WA,1510201.0,1304894.0,2859084.0,52.8,45.6,7.2,7.2,False,democrat,1750848.0,1229216.0,3036878.0,57.7,40.5,17.2,17.2,False,democrat,1755396.0,1290670.0,"79,450",3125516.0,56.2,41.3,14.9,14.9,False,democrat,3209214.0,1742718.0,1221747.0,160879.0,54.3,38.1,16.2,16.2,False,democrat,0,4876745,72.5,3916245,76.1,755783,11.2,456348,8.9,88734,1.3,64573,1.3,229600,3.4,168174,3.3,38783,0.6,26642,0.5,475626,7.1,373965,7.3,247352,3.7,129553,2.5,11838,0.2,7607,0.1,12,2.33321997773e-06,103.0,92.0
West Virginia,1852968,80800,74423174,40.2,1465550,48.5,1376778,48.8,0.0,0.0,100.0,West Virginia,us-wv,WV,326541.0,423778.0,755887.0,43.2,56.1,-12.9,12.9,True,republican,303857.0,397466.0,713451.0,42.6,55.7,-13.1,13.1,True,republican,238269.0,417655.0,"14,514",670438.0,35.5,62.3,-26.8,26.8,True,republican,713051.0,188794.0,489371.0,23004.0,26.5,68.6,-42.1,42.1,True,republican,4,1726233,93.2,1376778,93.9,22268,1.2,14764,1.0,3493,0.2,2902,0.2,62119,3.4,48115,3.3,387,0.0,305,0.0,12285,0.7,9825,0.7,24991,1.3,12293,0.8,1192,0.1,568,0.0,5,3.41168844461e-06,151.0,324.0
Wisconsin,5686905,80800,216381194,38.0,4347413,47.1,3753601,48.4,1413145.0,24.8,75.2,Wisconsin,us-wi,WI,1489504.0,1478120.0,2997007.0,49.7,49.3,0.4,0.4,False,democrat,1677211.0,1262393.0,2983417.0,56.2,42.3,13.9,13.9,False,democrat,1620985.0,1407966.0,"39,483",3068434.0,52.8,45.9,6.9,6.9,False,democrat,2976150.0,1382536.0,1405284.0,106674.0,46.5,47.2,-0.7,0.7,True,republican,1,4738339,83.3,3753601,86.3,336052,5.9,199818,4.6,48511,0.9,34419,0.8,350895,6.2,234523,5.4,1565,0.0,1200,0.0,128050,2.3,86608,2.0,79398,1.4,35131,0.8,4095,0.1,2113,0.0,10,2.30021854376e-06,101.0,109.0
Wyoming,563623,80800,20946860,37.2,428221,46.3,376529,47.1,0.0,0.0,100.0,Wyoming,us-wy,WY,70776.0,167629.0,243428.0,29.1,68.9,-39.8,39.8,True,republican,82868.0,164958.0,254658.0,32.5,64.8,-32.3,32.3,True,republican,69286.0,170962.0,"8,813",249061.0,27.8,68.6,-40.8,40.8,True,republican,255849.0,55973.0,174419.0,13287.0,21.9,68.2,-46.3,46.3,True,republican,4,483873,85.9,376529,87.9,50231,8.9,32070,7.5,11784,2.1,7764,1.8,4350,0.8,3264,0.8,365,0.1,264,0.1,4279,0.8,3493,0.8,8304,1.5,4561,1.1,437,0.1,276,0.1,3,7.00572835055e-06,309.0,1109.0
